filename	prediction
test1607.png	не работала
test1202.png	гор Ошек
test1208.png	конию,
test968.png	02.03.2006
test1317.png	Более
test5.png	найти
test1045.png	зареметрирован
test120.png	покажем
test1316.png	незаконному
test474.png	ячейка
test1559.png	приша
test297.png	норма
test948.png	апиц
test186.png	предположим.
test237.png	сислогично
test144.png	собана
test224.png	вдом
testtt1218.png	Александровна
test123.png	дана
test1482.png	академику
test1371.png	мне стало
test1153.png	пр. Просвещени
test559.png	сход
test1456.png	Прошу разрешия
test1459.png	Коргеова С.Н.
test202.png	узлы
testt1023.png	ченов
test481.png	по
test287.png	разностную
test501.png	верхний
test737.png	аватичном сос. не
test65.png	обозначим
test1508.png	конецльтантом
test1366.png	Реперальному
test151.png	метод
test564.png	схема
test858.png	Беловя О.А.
test1244.png	индивидуальные
test80.png	данные
test26.png	нормальной
test570.png	условие
test960.png	8701
test981.png	ноябрь 2012 года
test1588.png	28.20.2016
test1131.png	Информационная
test1302.png	523739
test1266.png	по лицею
test86.png	вероятность
test1520.png	по территории
test354.png	если
testt1117.png	построенной
test761.png	описание
test426.png	продажа
test1527.png	не было
test1210.png	г.Варнаула
test1101.png	30.09.2013
test622.png	оператор
test1138.png	параметра
test1522.png	не ворно
test1239.png	психологически
test1335.png	а именно
test161.png	аддитивной
test1510.png	фанные есть
test698.png	работы
test1491.png	школы
test1499.png	27.09.19
test87.png	Элипе.
test708.png	слизистых,
testt1257.png	проводила
test309.png	аппроксимация
test1373.png	представителем
test596.png	кривые
test116.png	лучай
test112.png	непустое
test420.png	увеличить йлайц
test552.png	под
test1296.png	денежные средства
test892.png	г. Перели
test1494.png	не сим карте
test1392.png	Дрошу рас
test275.png	Правый
test835.png	ксерокопия
test482.png	вложении,
test1238.png	с детьми
test1560.png	объяснительная
test720.png	Бысяча
test568.png	погрешность
test127.png	плотность
test1195.png	Яхьяев Мя
test1119.png	процесса
testtt659.png	Андреевна
test1050.png	рублей
testtt1261.png	общемнольным
test633.png	множество
test53.png	вопрос
test1071.png	Паспорт
test422.png	йо собственному
test1175.png	Михаилу
test128.png	Основные
test1541.png	соотруники
test37.png	можно
test322.png	то
test313.png	устойчива
test74.png	верхний
testtt1219.png	Владимировна
test926.png	Болова В.А.
testt659.png	Людмила
test450.png	однопараметрическое
test279.png	утолок
test807.png	тександровне
test1077.png	выдан
test91.png	Длимы
test294.png	пробетирования
test173.png	вопрос
test1513.png	В 1959 г.
test431.png	примерная
test1380.png	Березкина
test1263.png	проверяла
test780.png	в отделении
test282.png	Правый
test709.png	больных
test45.png	разностная
test717.png	двигать одня
test405.png	Иванов И.И.
test1084.png	по адресу
test1346.png	27.11.2016г
test1260.png	этические беседы
test486.png	проектировани
test1564.png	сильный тумой
test1096.png	г.Москвы,
test840.png	приемы подачи
test230.png	Однако
test857.png	психологическую
test1575.png	28. 10.2016
test155.png	сверху
test1348.png	мне было
test1365.png	Морозова
test618.png	сжатия
test681.png	интернет-фоида
test1590.png	Объяснительная
test99.png	все
test683.png	городская
test1255.png	работы
test530.png	стандартный
test252.png	число
test938.png	31.05.10
test1323.png	Столенское
test1091.png	в качестве задатка
test704.png	больных,
test677.png	Атлашкина
test536.png	Сеточное
test604.png	нак
test988.png	просрочка сронов
test152.png	моделей
test1423.png	которому
test236.png	способ
test544.png	задача
test10.png	поле
test225.png	ложет
test669.png	5 сентября 1969 г
test1545.png	студеит группы
test472.png	свойствами
test1090.png	по адресу
test1295.png	Прошу вернуть
test29.png	матрица
test957.png	Ивановны
test1418.png	В виду
test1298.png	на номера
test879.png	Чувашская Росстубника
test184.png	первую
test1123.png	методы
test781.png	Футолке
testtt1348.png	в присутствии
test1441.png	Заявление.
test432.png	данном
test955.png	31 февраля-02
test167.png	схемой
test415.png	советник
test789.png	140960
test548.png	функцией
test888.png	06.11.2017 года
test855.png	особенности детей,
test1333.png	обязательств
test50.png	сдвиг
test730.png	выран
test919.png	Ко валёв.М.
test834.png	заявления
test706.png	Какровов
test680.png	качестве помощника
test1552.png	большого комочества
test1058.png	в размере 334 об
test471.png	прострашитьа
test333.png	Устойчивость
test1160.png	14.12.2003г.
test779.png	2 июня 2018 года
testt965.png	Петр
test853.png	старалась
test76.png	постановна
test872.png	Правописиние
test990.png	Причина
test1186.png	Иванову
test429.png	получать
test255.png	результат
test146.png	равномерно
test1577.png	в связи с чем
test82.png	уравнение
test1126.png	Аленко В.А.
test1498.png	как е нуля,
test407.png	обязательства
test484.png	обладает
test446.png	поле
test124.png	Сделаем
test1368.png	заявление
test1170.png	Сомкин Пемертург
test763.png	Опредка
test497.png	функции
test425.png	делать
test617.png	Гаусса
test714.png	фидцать
test234.png	другой
testt1322.png	сберегательного
test602.png	первия
test646.png	уже совершившее
test353.png	Если
test174.png	замешишь
test1111.png	Савенко И.А.
test367.png	Методы
test975.png	ОВД Индустр. р-на
test1290.png	гор. Вороние
test1576.png	занимался
test819.png	владет навнами
test221.png	устойчиво
test78.png	поле
test1115.png	с составленным
test660.png	в связи
test298.png	соласована
test3.png	Попробуем
testtt1118.png	анализ
test212.png	заявление
test776.png	Заявление
test1294.png	Советская
test455.png	прямочтольнике
test39.png	чили
test397.png	Чебоксары
test269.png	аппроксимации
test1597.png	сказала
test335.png	устойчивости
test145.png	порядок
test619.png	отображается
test43.png	кадо,
testt1414.png	во время
test1505.png	обнаружен
test811.png	Нашаявл
test565.png	апроксируем
test712.png	Проезд
test842.png	материала
test414.png	31 июня 2012 года
test21.png	нужно
test1060.png	ОВД Юлиного
testtt1059.png	Владимирович
test1589.png	Безбородов А.
test1306.png	выдан
test1010.png	отправления были
test229.png	тастичностей
test1033.png	Иванов Иван
test254.png	вектор
test51.png	неявиал
test849.png	сказывалось на
test648.png	свойства личности
test1572.png	Безбородов А.
test632.png	точки
test46.png	схема
test591.png	за
test1388.png	в избирательной
test248.png	всердни
test1063.png	Логикин Юрий
test0.png	ибо
test142.png	дисперсия
test162.png	был
test939.png	Иванов. Иван
test1312.png	в количестве
test796.png	присутствия
test1179.png	промышленным
test934.png	Вяземским РоВД
test907.png	Александров
test475.png	Вспомотательной
test1025.png	выдом обы
test724.png	по ул. Водная
test489.png	входными
test1282.png	получил
test1048.png	ул. Ленина
test740.png	донарь зад
test1061.png	25.06.2005
test917.png	01.08.2016
testt882.png	район
test1035.png	рождения
test1176.png	04.01.1992г.
test1142.png	снор техновым
test1285.png	доллоуров США
test1293.png	гор. Челябина
test1550.png	личности
test1240.png	индивидуально
test1097.png	под подразделения
test324.png	сетку.
test160.png	сисла
test1315.png	на каждому
test612.png	Так
test478.png	погрешность
test89.png	знаит.
test1230.png	студентке удалось
test1146.png	Бугрово
test251.png	перейдем
test22.png	нормальной
test94.png	называется
test319.png	РС
test1277.png	оценой
test183.png	поскольку
testt1425.png	алименты
test1028.png	Ания Сергеевич
test483.png	Явная
test1156.png	в гдан
test1052.png	28.11.11
test194.png	для
test657.png	в стеках
test1207.png	Вас изьять дело
test66.png	функция
test402.png	Курск
test1432.png	программах
test296.png	точная
test1490.png	по стоянности
test235.png	тестно-
test401.png	Красноярск
test143.png	принцип
test1044.png	распорт сения
test1469.png	В 1942
test1089.png	на моё имя
test1016.png	связь
test833.png	конценциях
test1262.png	мероприятиям,
testt1254.png	формы
test606.png	кроме
test651.png	с автором
test1120.png	определены
test348.png	Лемма
test28.png	на основании
test804.png	2/06/2018 г.
test614.png	Интукция
test1455.png	Сидоренко С.В.
test1394.png	Заявление
test1087.png	отправления
test1448.png	по Полюсу
test315.png	очевидно
test498.png	хотим
test1584.png	с абсолютной
test935.png	распорту
test913.png	200 21290201
test732.png	Фона Рокже
test1284.png	Трибо тния
test1203.png	отказываюсь
test588.png	число
test384.png	законы
test1309.png	ним предоставляю
test1446.png	и вернуть деньги
test295.png	оператор
test1196.png	(Озбекова С.В.
test1487.png	13.09.19
test359.png	разрешности
test664.png	родителям
test1308.png	и детализацию по
test759.png	конвер
test1535.png	закончило гребу
test616.png	сферу
test250.png	скаляр
test403.png	своимидействиями
test1168.png	одресу
test1259.png	с угощимся
test953.png	Обменом
test1228.png	2. Барнаука
test1145.png	2. Сомет. Петерсуры
test400.png	Кострома
test408.png	имущество
test1481.png	факульта литу
test394.png	городского округа
test1229.png	С первого дня
test435.png	ветер
test1320.png	Яндек деный
test479.png	норма
test338.png	05.11.2020
test1563.png	15.09.03г.
test1288.png	г. моства
test685.png	За время
test1343.png	044525716
test476.png	проектирования
test775.png	ро гафец
test1281.png	избирательной
test88.png	точек
test344.png	Тогда
test771.png	Начальнику
test884.png	Прошу отменить
test286.png	подставим
test1221.png	проходила практику
testt1225.png	не состоит
test1279.png	для нужд
test433.png	на
test1057.png	ноября 2016
test1536.png	19.08.2018г.
testt685.png	прохождения
test434.png	луче
test198.png	коэффициент
test792.png	Костном споры
test595.png	Эксиретный
testt677.png	Анастасия
testt1395.png	освободить
test1374.png	на должность
test605.png	Если
test228.png	система
test215.png	ресцепления
test231.png	ем
test1297.png	перечисленные
test1458.png	в семы
test1086.png	доверяю помрать
test136.png	сходимость
test1032.png	2. Сометербуры
test31.png	если
test293.png	норма
test150.png	линейных
test59.png	ряд
test1435.png	директора
test337.png	нормальная
test54.png	Значениями
test1599.png	10.12.10
testt1219.png	Ольга
test803.png	Суйболи
test364.png	стема
test223.png	она
testt1060.png	г. Кирова
test1150.png	22.07.2010г.
test826.png	поиск
test567.png	что
test311.png	аппроксимирует
test628.png	окрестость.
test555.png	тех
testt1118.png	был проведен
test1314.png	Детализация
test1232.png	доброжелательно-
test799.png	земли
test702.png	мед карту
test1080.png	рубли
test96.png	место
test147.png	осуществляется
testtt1236.png	Иванович
test1405.png	Саваточина А.
test946.png	034С
test912.png	инн 7070838383
test790.png	Внутри я обнарушима
test196.png	этой
test1200.png	08.09.16г.
test1154.png	по опорт
test105.png	Касательная
test1353.png	Аналогичные
test993.png	28.09.2017г.
test1006.png	было только
test1454.png	26.03.2014
test1503.png	пришло заключение
test1067.png	16.08.2004г.
test716.png	Минск-Мошлев
test519.png	тождественный
test306.png	сходимость
test427.png	сумма
test893.png	188101211706972617
test292.png	Мот
test413.png	13 ноября 1992 года
test1426.png	Прилагается
test55.png	иточной
test735.png	Фиоле товый
test1565.png	на улице был
test391.png	Численность
test1462.png	гражданского дела
test214.png	моб. 375-44-794
test213.png	дом. тел. 53-482
test468.png	сеточном
testtt1395.png	меня от
test1046.png	г.Севоевак,
test748.png	беформация
test832.png	в современных
test30.png	что
test1438.png	Заявление
test1429.png	Генеральному дирестору
test177.png	задачи
test303.png	Сеточная
test897.png	согранической
test207.png	на
test188.png	Заметим,
test436.png	поворкости
test1014.png	30.08.2004
test352.png	вским
test261.png	двух
test630.png	шар,
test500.png	уравнение
test58.png	правыи
test638.png	расстояние
test825.png	Крепи этот
test1276.png	Савилова И.В.
test111.png	Использование
test245.png	такой
test1396.png	должности
test256.png	ковектор
test399.png	Иркутск
test79.png	задачи
test1551.png	настроение
test1344.png	Разров
test159.png	вероятность
test742.png	Крышка больн.
testt833.png	обучения
test1237.png	смогла
test316.png	Лекция
test679.png	практику в
test1519.png	была произведена
test1439.png	должность инженера
testt682.png	на базе
test314.png	сходимости
test345.png	Методы
test1386.png	Кроме того,
test711.png	выполняла
test974.png	05.04.1999г.
test743.png	Стекло гред
test1603.png	Аеще у
test1188.png	Мустафоева ФМ
test97.png	является
test1580.png	по распределению
testt47.png	Движения
test1189.png	Максимов Р.Не
test1104.png	12.09.2013
test417.png	ол. 1992
test233.png	Тензор:
test1393.png	ов февраля 2012г.
test339.png	выполнено
testt1271.png	журнала
test1583.png	опозданий и
test1289.png	24.11.1986.
test827.png	оптимального
test8.png	выдем
test1161.png	по адресу
test1558.png	По направлению
test1592.png	месте
test589.png	воршен
test880.png	Петровой Ольге
test1250.png	ягодикой
test387.png	долларов США
test71.png	разностную
test513.png	новую
test909.png	2081231075041313063
test1165.png	рублей в счет
testt850.png	деней
test346.png	15.10.20
test253.png	тензор
test17.png	Предположим
test357.png	если
test121.png	измеримость
test203.png	устойчивость
test443.png	нидкость
test218.png	Горизонт
test1578.png	вышел из дома
test625.png	пространство
test1064.png	9404
test1330.png	в размере
test592.png	ребер
test109.png	любое
test217.png	д.8 кв.51
test381.png	договорное
test744.png	наруш
test451.png	сеточная
test170.png	сгрудно
test107.png	Циректориальное
test1532.png	18.10.2018
test663.png	к своим
test1337.png	(условия поставки)
test932.png	Две тысячи
test1477.png	стипендию получаю
test1473.png	Прошу оказать
test1012.png	Просьба разобраться
test135.png	стандартизования
test1287.png	Свитунов А. А.
test1075.png	паспорт
test1108.png	30.09.2013г.
test1169.png	04 июня 2009 г.
test290.png	будем
test1072.png	445 тыс.4
test936.png	с нахождением
test35.png	новую
test62.png	раскладывать
test371.png	публичное
test902.png	22 интября 2017 года
test982.png	03.11.2011г.
test503.png	непрерывного
testt1261.png	детей к
test1144.png	23 марта 2012г.
test351.png	смым
test238.png	содержит
test257.png	выборка
test574.png	первая
test1548.png	Объяснительное
test453.png	поле
test445.png	на
test280.png	характеристика
test1515.png	Ханидулине А. Ф
test1192.png	Молледова А.
test782.png	речты России
test963.png	УВД Г. Сыклывкада
test713.png	Суточные
test656.png	Строем Д.
test927.png	01.03.2016
test340.png	вычислений
test1216.png	Савилова
test1199.png	Заявление
test496.png	значениями
test545.png	вектор
test395.png	округа Краснара
test1241.png	их
test1311.png	виде
test1500.png	телефон был сдан
test272.png	погрешность
test266.png	Безусловная
test383.png	процессуальное
test378.png	объявление
test886.png	20.11.2017 года
test355.png	Грюк
test639.png	нормы
test1485.png	заявление
test1248.png	члена детского
test379.png	конституц
test310.png	имеет
test488.png	неявная
test138.png	означает
test1100.png	25.01.2016.
test998.png	была отправлена
test1190.png	Маледов Д.
test668.png	теоретической
test1322.png	Контролер
test302.png	соласована
test650.png	Авторский
test382.png	контракты
test300.png	Поблема
test609.png	случая:
test288.png	скему
test1591.png	спиталистов
test110.png	Вопрос
test69.png	схему
test1478.png	не налучаю
test92.png	содержащие
test60.png	Аналог
test1318.png	информацию можно
test1444.png	Вас расторгнуть
test851.png	к изучаемому
test547.png	Хотим
test15.png	обознам
testt1384.png	познесь на
test558.png	и
test871.png	отлично
test1162.png	Сампт. Помергут
testt1298.png	моего
test611.png	текста
test1041.png	деньги
test1440.png	1 февраля 1965 г.
test84.png	схема
test848.png	что положительно
test1073.png	При писячи девятогот
test770.png	12 сентября 206 г.
test594.png	строна
test1256.png	в качестве
test1339.png	для загисления
test527.png	предполагаем
test1305.png	Лебеденко Н.
test1587.png	перед работой.
test662.png	В 1968 году
test461.png	лучь
test102.png	способ
test756.png	исковое
test930.png	благотворительный
test366.png	Лекция
test856.png	создавать
test1303.png	12.08.2012
test442.png	поле
test528.png	ВИА
test631.png	сфера
test372.png	право
test1213.png	октябрь,
test992.png	впран обо
test931.png	Денисовой Ольге
test1139.png	Формирование
test1076.png	комер
test1274.png	Рекомендую
test697.png	в ходе
test1324.png	заместитель
test577.png	разностной
test1132.png	эндреодинамического
testt1133.png	предметной
test603.png	одному
test710.png	притензий
test505.png	ошибка
test1099.png	по адресу
test246.png	смена
test299.png	максимум
test585.png	дан
test192.png	любые
test356.png	сценка
test607.png	случай
test182.png	сии
test57.png	условие
test1069.png	треста тредать
test1269.png	ул. новечения истра
test1327.png	г. Пенза
test753.png	22.09.16г
test923.png	яковства
test1334.png	в договоре
test1212.png	15 сентября
test1451.png	Причина
test165.png	пусть
test130.png	деформация
test374.png	касается
test389.png	Логиюня 2016г.
test1008.png	просрочив сроке
test117.png	второго
test1553.png	времени
test1403.png	дейнансов
test1.png	осталось
test987.png	Москва,
test1191.png	07.09.2000
test44.png	Для
test1377.png	Галева А.М.
test1103.png	да автомобиль
test242.png	ненулевой
test1286.png	22.03.2006г.
test1347.png	РУВДРОНЕЕК
testtt677.png	Юрьевна
test655.png	Моя самая
test1206.png	прошу
test725.png	девятьсят
test358.png	Методы
test1211.png	железнодоротного,
test1251.png	воспитательных
test747.png	на лечение
test812.png	высокий
test1109.png	12.09.201
testt801.png	произведшего
test689.png	показала
test328.png	Пусть
test1065.png	547815
test699.png	выписывала
test193.png	стала
test1182.png	выпуска продукции
test283.png	утолок
test543.png	Сеточная
test1474.png	Заявление
test705.png	проворила
test1187.png	Мамедов. Р.
test179.png	пределим
test582.png	апроксимации.
test1007.png	6.10.2017г.
test164.png	абсолютно
testt1211.png	района
test906.png	вернуть на
test452.png	координата
test98.png	кривая,
test1181.png	в части увеличения
test1085.png	квартира
test330.png	для
test837.png	и воспетания
test1070.png	Шкода фабия
test11.png	новое
test899.png	на основании
test1351.png	в почестве лица
test820.png	разработки
test239.png	разлается
test469.png	параметр
test1043.png	18.04.1980
test1496.png	данных
test1395.png	Прошу
test526.png	сетка
test1355.png	Бажду Д.В.
test447.png	скоростей
test93.png	способ
test1184.png	одинадцатого
testt812.png	теоретический
test1092.png	1. Москва
test965.png	Сидорова
test1257.png	студеника
test624.png	сложает
test746.png	Полка салона зада
test933.png	Алевидом
test1546.png	Расписка
test874.png	Суффиксы
test597.png	число
test1059.png	Васин
test1242.png	особенности
test877.png	Александрово Виктора
test1180.png	Иванов
test386.png	300.00 (трибота
test861.png	строила
testt1218.png	Елена
test980.png	ноября
test687.png	с работой
test70.png	что
test388.png	избирательной
test154.png	Тогда
test1430.png	от писача 5 разряда
test95.png	плоскости.
test438.png	можно
test1051.png	Иванов И.И.
test1171.png	по договору
testt1183.png	область
test23.png	они могут
test390.png	населения
test169.png	суммарную
test1227.png	лицей
test1177.png	16.12.1991г.
test480.png	нельзя
test690.png	себя
test291.png	область
testtt1322.png	баты
test1384.png	Дви и
test1031.png	10 июня 2016г.
test696.png	знания
test524.png	каждый
test600.png	число
test263.png	переменных
test828.png	отборе
test25.png	для проведения
test134.png	ожиданию
test100.png	Оптическое
test1573.png	объяснительная
test1433.png	Л.М. Петровой
test627.png	целая
test320.png	данным
test686.png	ознакомилась
test1411.png	Ушанцу О.А.
test818.png	предметов
test1214.png	сомерхожая обл
test258.png	Ранг
test1399.png	службы
test1593.png	06.12.10
test1417.png	Даценко С.Н.
test349.png	При
test806.png	Егоровой Александре
test1037.png	посморт сения
test1419.png	по февраль 2005 г.
test962.png	16.12.2002
test1428.png	Фолина В.А.
test63.png	будем
testt946.png	гор. Магадан
test463.png	всем
test922.png	01.08.2016
test961.png	лязыбо
test492.png	умножать
test1313.png	18.04.20000.
testt722.png	Елене Анатольевне
test908.png	Анатольевич
test1273.png	планов.
test535.png	далее
test745.png	насполота
test1054.png	Плоской опие
test896.png	Дома продана
test721.png	рублей
test1218.png	Шатолова
test1019.png	оплячены за
test1009.png	которые для
test1319.png	Гузнать у
test1460.png	Дол сенко 1.
test1530.png	доявление
test1275.png	Заречнева С.Н.
test156.png	оступами
test601.png	кривая
test195.png	Приведем
test52.png	чисто
test1083.png	проживаю
test458.png	примеры
test1047.png	деленную сумму
test866.png	их успех
test81.png	теплопроводности
test172.png	решил
test1249.png	коллества
test525.png	сеточная
test487.png	связь.
test808.png	За время
test703.png	долларов
test1581.png	на 15 минут.
test1074.png	Доверенность
test90.png	геометрическое
test18.png	сверху
test1467.png	28 декабря 206г.
test141.png	используем
test398.png	Чита
test67.png	со значением
test1342.png	302328104810000009
test199.png	изоморфизм
test636.png	Кодирования
test406.png	Михаил
test375.png	недвижимость
test1264.png	в организации
test731.png	Заруторинова С.
test553.png	говорить
test671.png	периатрического
test785.png	отклечной
test61.png	погрешность
test106.png	Рассмотрим
test211.png	срабновать
test623.png	элип
test620.png	мотоды
test103.png	угольник
test1354.png	В соотвение
test1004.png	назначение
test1198.png	Наталью
test1258.png	Динал обы
test307.png	порядок
test495.png	правый
test572.png	Двуслойной
test634.png	это
test719.png	21000
test284.png	схема
test1117.png	Но основе
test752.png	отсутствует
test350.png	Успение
test644.png	система ля
test64.png	условия
test621.png	точка
test1098.png	проживающему
test259.png	подставим
testt1390.png	подъема
test454.png	норма
test363.png	характеристик
test1369.png	березкин
test590.png	рассмотрим
test1531.png	Трошу уволишь
test305.png	что
test1127.png	Савченко И.А.
test1357.png	Заявление
test1414.png	желательно
test1110.png	За период практи
test845.png	практиковало.
testt1348.png	отказано
test1401.png	министра
test200.png	пропорциальным
test1547.png	в ДВТУ в 1964г.
test956.png	Сихоровой Марии
test1382.png	На этил документах
test538.png	прокимация
test661.png	с рождением ребенка
test973.png	570000
test1375.png	Главы
test1304.png	88007000 200
test901.png	817000210
test583.png	ешь
test1400.png	заместителя
testtt1213.png	декабрь
test1158.png	до 30 июня або9 года
test1397.png	государственной
test991.png	Петров Иван
test925.png	ноябрь 201 г.
test727.png	ген. директор
test885.png	26.02.2018 года
test566.png	схема
test323.png	7-
test1349.png	в потецении
test1159.png	Самкт. Пемертурго
test658.png	Свердловским
testt1264.png	субойниств,
test757.png	письмо
test860.png	Отношения с детям
test1204.png	адвоматов
test921.png	Савченко А.В.
test48.png	функции
test1197.png	Абдулаева С.
test512.png	скалярное
test944.png	жена
test1445.png	договор
test722.png	Свирской
test38.png	полу
test814.png	Тутболки
test1217.png	Абузова
test511.png	мли
test216.png	15 мая
test816.png	ведение методикой
test2.png	оператор
test262.png	сеточная
testtt965.png	Васильевича
test1381.png	кануирата
test959.png	ул.Ленина 10-ло
test439.png	круг
test529.png	выполнено
test462.png	нумерация
test809.png	редагогической
test1566.png	автобус двигался
test608.png	вторая
test380.png	право
testt884.png	постановления.
test810.png	проценки
test920.png	01.08.2016
test682.png	сестры
test1005.png	отправление
test14.png	оператор
test910.png	бербанс
test667.png	математики
test537.png	теперь
test875.png	А.С. Пушк
test73.png	правый
test268.png	погрешность
test42.png	исследований
test9.png	Пусть
test362.png	имеет
test1345.png	Проводный
test171.png	нег
test539.png	А
testt1236.png	наругович
test640.png	разные
test1246.png	на каждого
test889.png	18810121802221928
test1215.png	25 октября
test133.png	сходится
test13.png	15.09.2020
test360.png	условие
test467.png	знаем
test189.png	алгоритм
test791.png	подранные почтовые
test270.png	схема
test1569.png	государственной
test1489.png	Смартрон
test1442.png	Сидоренко
test940.png	29.02.1901г.
test675.png	Степанова Н.
test1579.png	опоздал на работу
test1254.png	разнообразные
test676.png	детская
test75.png	Потрешность
test129.png	свойства
test575.png	форма
test1605.png	С ноября 1966 года
test247.png	матрица
test444.png	пример,
test665.png	с сентября 1968 года
test643.png	не существует
test642.png	Выбор был.
test273.png	Разкостная
test1013.png	в ситуации
test629.png	отображения
test1223.png	классного руководится
test1416.png	Домолнительно сообщу
test219.png	Вдел
test549.png	состоят
test838.png	умеет
test490.png	схема
test1205.png	свои
test1568.png	автобуса
test32.png	собственный
test1095.png	ОВД района
test385.png	инграционное
test187.png	Анализ
test77.png	ошибка
test108.png	Событие
test1434.png	Влатоновой А.
test972.png	5704
test376.png	защита
test862.png	на основе уважения
test578.png	погрешность
test118.png	пространство
test766.png	равнение
test465.png	функций
test945.png	Вспина голина
test986.png	Москва Смолейская
test1236.png	Иванович
test326.png	Пример 2
test312.png	Теорема
test317.png	2020
test1034.png	15.02.187г.
test137.png	совпадает
test342.png	признак,
test1039.png	18.03.2007г.
test805.png	Егоровер А.
test168.png	устойчива
testt1059.png	Егор
test1361.png	не управлял
test209.png	котим
test208.png	говорить
test1352.png	ранстрауки в плестве
test1574.png	сегодня
test4.png	определим
test396.png	благовещенск
test767.png	уведение
test1130.png	отлично
test718.png	двести
testtt658.png	г.Иркутска
test1497.png	телефон чисет
test659.png	Я Шахматова
test373.png	особое
test1402.png	просрочкой
test1243.png	учитывая
test1125.png	автомобиле
test958.png	Дейзваева П.
test180.png	найдем
test989.png	претензи
test1336.png	02 декабря 1980г.
test16.png	рассмотрим
test1024.png	приложение,
test421.png	автомобиль
test1524.png	факультет ДВУ
test404.png	приобретать
test243.png	вид
test197.png	реализации
test260.png	тензора
test114.png	значения
test615.png	сложность
test822.png	урока,
test41.png	дальнейших
test563.png	явная
test1234.png	Нажалья
test829.png	его содержания
test1015.png	дав обратную
test1088.png	приходящие
testt681.png	Помоги, орг
test49.png	явная схема
test772.png	Койареву А.В
test459.png	чуть
test613.png	самая
test1506.png	В этот же день
test332.png	Если
test370.png	схему
test784.png	в коробре
testt24.png	разрешение
test1222.png	в колеетве
test1544.png	принеты меры
test1471.png	переводом
test795.png	рохожие на следа
test1452.png	отказ
test222.png	Равновые
test1183.png	г. Иркутск
test278.png	получаем
test587.png	живалитность
test1534.png	на действия
test274.png	схема
test1457.png	Заявление
test1102.png	сентябрь,
test341.png	тогда
test1447.png	в мая 1949 г.
test1002.png	На место
test47.png	уравнение
test1053.png	14-лит
test1283.png	Киселева В.
testt1366.png	прогурору
test635.png	функция
test1245.png	воздействия
test821.png	различных вариантов
test131.png	Шейка,
test1147.png	сумму в срок
test1511.png	сразу же их нет,
test36.png	Условие
test456.png	сеток
testt1184.png	октября
test801.png	причину
test157.png	ерез
test304.png	норма
test264.png	функция
test1533.png	Жалоба
test460.png	схема
test1011.png	критичны.
test308.png	задача
test626.png	скоростей
test132.png	Линейное
test540.png	Безусловна
test509.png	движения
test6.png	будем
test191.png	полушата
test695.png	свои
test700.png	направления
test1387.png	13 ливаря 2012
test181.png	достаточно
test1226.png	летоц
test249.png	имеет
test774.png	проживополоща
test534.png	поле
test343.png	Если
test148.png	через
test1219.png	Обласова
testt1281.png	компании
test34.png	перестановочин
test580.png	Посмотрим
test887.png	15.11.2017 года
test56.png	нижний уголок
test514.png	говорить
test610.png	возможны
test40.png	говорить
test1488.png	преобретен
test999.png	посылка
test1562.png	от иненера
test844.png	на своих уроках
test864.png	детей,
test1409.png	Заявления.
test516.png	сетчу
test1040.png	по адрец
test765.png	решение
test599.png	нично
testt1121.png	проблемы
test593.png	граной
test210.png	форма
test749.png	Камера зад. вида
testt1349.png	для гологование
test929.png	одна тысяча
test1449.png	транспортного
test318.png	примоугольник
test1141.png	аргументам
test1106.png	12.09.2013г.
test1220.png	Нашалы Константиновна
test562.png	элементов
test473.png	векторна
test1094.png	выдан
test1152.png	Сам Бетертург
test859.png	на своих
test1029.png	7.10.2017г.
test244.png	вектора
testtt1267.png	питание
test916.png	Бубенцов А.В.
test267.png	Разностная
test1350.png	Избиратольного
test493.png	уголок
test175.png	хотя
test741.png	разбит
test1398.png	гражданской
test176.png	получаем
test365.png	Неявная
test437.png	задать
test1424.png	Магарова
test477.png	равномерная
test1020.png	1 клагад
test125.png	примением
test1413.png	июля
test1056.png	Киров
testt1251.png	мероприятий
test1003.png	чторо
test541.png	7)
test449.png	высотн
test1163.png	деслы в суме
test550.png	порядка
test1174.png	Бурово Б.
testt1256.png	классного
test226.png	Ем
test707.png	ещиных
test464.png	сетка
test281.png	верхний
test846.png	методы
test1523.png	что обнарушилось
test277.png	наляний
test997.png	Смоленская
test1107.png	12.09.2013г.
testt1383.png	собметка
test508.png	рассматривать
test115.png	Кривые
test586.png	безусловная
test1521.png	по переметру
test581.png	апроксимирует
testtt692.png	девяносто)
test674.png	Сабалина Ю.
test890.png	188101217120969759
test301.png	норма
test521.png	элементов
test1291.png	Иванова
test1224.png	в классе
test517.png	это
test1271.png	классного
test506.png	будем
test149.png	Имеем
test815.png	по рускому языку
test576.png	каномическая
test448.png	трукоция
test1261.png	подготовку
test1461.png	с татериали
testt1513.png	поступила на
test918.png	01.09.2016
test1001.png	2. Ульянов си
test569.png	схемы
test33.png	Покажем
test1027.png	Контакты для
test1539.png	Полиция в состве
test336.png	Лемма
test693.png	углубила
testt1508.png	магазено
test1268.png	знакомилась
test839.png	методы
test347.png	Методы
test891.png	18101/211311-19242
test470.png	сеточных
test285.png	рассмотривать
test24.png	Авторизация
test894.png	в связи с тем
test964.png	01.03.2006
test19.png	отождествлять с
test850.png	отношений
test240.png	преобразования
test20.png	более челкие
test232.png	исходится
test1561.png	Пачальнику
testt1250.png	проведение
test1376.png	документы
test882.png	небокствский
test1128.png	хорошо
test1105.png	12.09.2013
test1358.png	развердина
test551.png	отображение
test1155.png	40 06 у99
test1225.png	в ороне
test271.png	зависит
test802.png	Полыпко
test1425.png	не выплачиваю
test523.png	разным
test518.png	функция
test1121.png	существующие
test734.png	седам легковой
test329.png	Условие
test751.png	расколоты
testtt1027.png	со мной
test898.png	Транс Тех Сервич
test369.png	вычислений
test140.png	совокупность
test715.png	Рроживание
test113.png	Метод.
test573.png	апроксимации
test983.png	Лебянева М.
test996.png	121095,
test1194.png	Ярьяево О.А.
test579.png	безусловно
test1265.png	дежурств
test227.png	положительная
test764.png	решение
test1328.png	14 ноября 2007г.
test1450.png	средства
test836.png	Лыжи
test507.png	можно
test1116.png	планом
test368.png	данные
test1235.png	срок
test783.png	Посолно находилось
test1018.png	которые были
test101.png	тогда
test104.png	Множество
test542.png	объем
test1172.png	Претелей не имею
test1504.png	о том что дефект
test491.png	этой
test1026.png	заявлению
test793.png	утановочные
test692.png	получила
test126.png	теорема
test331.png	акт
test556.png	точкл
test1173.png	23.03.2012г.
testt658.png	РУВД
test701.png	закосила
test85.png	ошибки
test598.png	различных
test750.png	заглушко
test985.png	Почта России
test1367.png	Российской
test883.png	8917064010
test139.png	суммы,
test911.png	301018 103 регоровок
test1571.png	15/09/03
test1383.png	имеется
test1185.png	4. перхутск
test865.png	поддерживать любой
test843.png	Студение
test441.png	скалярное
test937.png	Блинов М.
test1201.png	от услуг
test185.png	(результат
test1233.png	требовательные
test12.png	разрешно
test649.png	другими лицами
test334.png	Если
test863.png	старалась
testt1244.png	средства
test1549.png	Моксиливой т.В.
test1516.png	в отдел архитонтуры
test1143.png	Даскиско,
test994.png	из отделения
test813.png	подготовки
test1082.png	код подразделения
test967.png	кассовой
test652.png	Субота,
test1606.png	по август 196 года
test969.png	Лебедева Ца
test852.png	Константиновна
test1166.png	стоимости квартиры
test502.png	свести
test494.png	сеточной
test1253.png	использовать
test485.png	решения
test276.png	Оценим
test1299.png	яндекс. Кошелька
test205.png	каждом
test895.png	что автомашина
test1078.png	отделением
test1049.png	вышуказанную
testt1209.png	Маталы
test970.png	02.03.2006
test1404.png	Медведеву Д.Н.
test905.png	ценым прошу
test1167.png	расположеной
test786.png	скотъем
test966.png	поварный
test924.png	01.08.2016
test773.png	от Сюровой А
test778.png	получино посыгну
test904.png	Утлаченные много
test755.png	На месом
test1140.png	17.12.17
test760.png	прохол
test1464.png	прошу разрешения
test1137.png	на предприятии
test1017.png	а также
test1484.png	беспозвоночных
test430.png	недорогой
test823.png	способна
test466.png	векторная
test654.png	Далеко и навсида
test1124.png	отлично
test1036.png	19.10.2015
test27.png	Покажем
test241.png	перехода
test798.png	былу обноружения
testt1069.png	четыре точени
test504.png	решения
test694.png	усовершенствовала
test878.png	Анаторьевича
test1055.png	обеих
test584.png	схема
test1030.png	Расписка
test1164.png	Дво
test1472.png	медицинского
test1360.png	к городе
test1443.png	прошу
test729.png	19 апреля 2006
test831.png	свободно
test531.png	прямочгольнике
test561.png	Будем
test1118.png	людем
test797.png	Также в посочные
test817.png	преподавания этих
test440.png	определи
test673.png	детскую больницу
testtt1184.png	дн тысячи
test1431.png	об образовательных
test7.png	доказать
test163.png	устойчивость
test688.png	поликлиники
test204.png	экономичной
test72.png	уголок
test1370.png	08.02.2012г.
test1068.png	г. Киров
test800.png	Прошу
test1252.png	умением
testtt1183.png	Иркутская
test457.png	семейство
testt692.png	одну тысячу
test873.png	слов
test1081.png	мостве
test847.png	пят. рубией
test876.png	Гимнее утря
test158.png	Линейная
test754.png	отрицает
test83.png	оценка
test794.png	покусанные продукт
test1341.png	302018101000000076
test423.png	цена
test554.png	одник
test1468.png	Предателю суда
test1023.png	Ксерокопия
test321.png	Ячейка
test1079.png	по району
test1364.png	В данный момент
test560.png	полимали
testt1267.png	школьного
test1340.png	4272 29038396689
test1270.png	досументации
test190.png	сходимость
test672.png	ангарскую
test1267.png	в организации
test637.png	задачи
test499.png	данными
test265.png	сходится
test510.png	полу
test289.png	сеточная
test915.png	Александров А.
test424.png	задержанный
test206.png	Будем
test178.png	этого
test361.png	мето
test1501.png	проверку качества
test1093.png	127572
test641.png	Крещение
test428.png	покупка
test762.png	прохол
test1507.png	при осмотре
test546.png	Фальше
testt1027.png	связи
test736.png	рублий
test416.png	защита
testt1213.png	ноябрь,
test984.png	1 класса
test1390.png	произведена
test1604.png	в Шом
test1600.png	предоставить
test691.png	а так гие
test119.png	любой
test1307.png	Историю опорация
test1231.png	наладить
test1465.png	делать
test1415.png	предпольнительно
test533.png	Пусто
test122.png	Вопрос
test678.png	проподила учебную
test1209.png	Тнолевой
test220.png	В ронеж
test1133.png	тисания
test1567.png	очень медленно
test647.png	но не кричинально
test976.png	2. Перми
test377.png	интеллектуальное
test653.png	18.00 Олимпинада
test943.png	муж
test1509.png	дефект остался
test166.png	первого
test1042.png	рублей
test68.png	сеточная
test1122.png	и предлогиены
test1178.png	по оказанию-
test1066.png	082 р-на
test1292.png	Сидорову
test1193.png	Мамевов А.А.
test1021.png	Данные по
test954.png	ктратой
test1000.png	1 класса
test841.png	учебного
test418.png	кредий на
test515.png	оператор
test1310.png	в распечатанном
test1483.png	Кафедны 30 гии
test201.png	след
